datum;objekt;boarea;rum;avgift;slutpris;diff;maklare
2026-09-04;Åre Strand 20:2 V29;119;4;396;90000;0;Svensk Fastighetsförmedling Åre
2026-07-08;Åre Strand 1A2 vecka 14;76;3;330;70000;-7;Hometown Fastighetsmäkleri
2026-07-03;Åre Strand 3A4 Vecka 17;81;3;329;60000;-54;Fastighetsbyrån Åre
2026-06-03;Åre strand 6A4;81;3;1168;500000;-13;PeakFast
2026-05-26;Åre Strand 5B4 v52;57;2;296;100000;-17;Svensk Fastighetsförmedling Åre
2026-05-15;Åre Strand, 5B3;58;2;305;5000;67;Hometown Fastighetsmäkleri
2026-05-14;Åre Strand 19:1 vecka 29;118;4;395;75000;0;Hometown Fastighetsmäkleri
2026-05-05;Åre Strand 22:2 vecka 26;58;4;390;44000;-12;Hometown Fastighetsmäkleri
2026-04-29;Åre Strand 22:2 vecka 33;118;4;390;50000;0;Hometown Fastighetsmäkleri
2026-03-27;Åre Strand 4B1 V8;111;4;383;200000;-9;Svensk Fastighetsförmedling Åre
2026-03-20;Åre Strand 1A2 vecka 16;76;3;321;120000;-35;Hometown Fastighetsmäkleri
2026-03-14;Åre strand 14:1 vecka 12;95;3;385;125000;-17;Hometown Fastighetsmäkleri
2026-03-13;Åre Strand 6B3 V11;78;3;346;125000;0;Svensk Fastighetsförmedling Åre
2026-03-05;Åre Strand 7A1, Vecka 15;74;4;308;50000;-50;Fastighetsbyrån Åre
2026-03-04;Åre Strand 19:1 vecka 39;118;4;390;50000;-17;Hometown Fastighetsmäkleri
2026-03-02;Åre strand 20:1 vecka 14;119;5;388;250000;0;PeakFast
2026-03-02;Åre Strand 1B3, vecka 52;76;3;329;150000;-6;Fastighetsbyrån Åre
2026-02-27;Åre Strand 21:2 vecka 15;118;4;400;160000;-9;Hometown Fastighetsmäkleri
2026-02-27;Åre Strand 7B4 V8;53;3;261;115000;-12;Svensk Fastighetsförmedling Åre
2026-02-12;Åre Strand 7A3 V7;53;3;261;125000;-7;Svensk Fastighetsförmedling Åre
2026-02-09;Åre strand 5A2 v7;59;2;304;80000;-27;Fastighetsbyrån Åre
2026-01-23;Åre Strand 19:1 V31;118;4;;125000;0;Svensk Fastighetsförmedling Åre
2026-01-21;Åre Strand 1B4 vecka 1;63;2;305;130000;0;Hometown Fastighetsmäkleri
2026-01-02;Åre Strand 2A3;76;3;355;130000;;Svensk Fastighetsförmedling Åre
2025-10-21;Åre Strand 5B6 vecka 17;58;2;279;45000;-47;Fastighetsbyrån Åre
2025-09-20;Åre Strand 17:1;119;4;388;150000;0;Svensk Fastighetsförmedling Åre
2025-08-27;Åre Strand 18:2 vecka 2;118;4;388;160000;7;Svensk Fastighetsförmedling Åre
2025-08-26;Åre Strand 23:2 V.32;119;4;388;100000;-13;Svensk Fastighetsförmedling Åre
2025-08-21;Åre Strand 4B2 v52;78;3;321;175000;0;Svensk Fastighetsförmedling Åre
2025-08-18;Åre Strand 6A3 vecka 16;78;3;326;65000;-58;Fastighetsbyrån Åre
2025-08-13;Åre Strand 6A2, vecka 8;77;3;339;125000;0;Fastighetsbyrån Åre
2025-07-02;Åre Strand 1A1 Vecka 6;111;4;375;157500;-5;Svensk Fastighetsförmedling Åre
2025-04-16;Åre Strand 2A1 (&2A1B), Vecka 9;111;4;456;225000;-10;Fastighetsbyrån Åre
2025-03-05;Åre strand 19:2 v.12;118;4;388;225000;-10;HusmanHagberg Åre
2025-02-21;Åre Strand 14:2, vecka 10;95;3;375;180000;0;Fastighetsbyrån Åre
2025-02-14;Åre strand 6A4 (5);81;3;1168;610000;11;HusmanHagberg Åre
2025-02-14;Åre Strand 3B1 v.11;111;4;375;165000;-8;HusmanHagberg Åre
2025-02-14;Åre Strand 6A1, 1;112;4;1196;700000;-7;HusmanHagberg Åre
2025-02-10;Åre strand 7A4 v.52;53;3;279;130000;-13;HusmanHagberg Åre
2025-02-10;Åre strand 22:2 V.5;118;4;371;165000;-6;HusmanHagberg Åre
2025-02-07;Åre Strand 3B3, vecka 29;78;3;321;75000;-6;Fastighetsbyrån Åre
2025-01-20;Åre Strand 6B3 v.4;78;3;330;60000;-14;HusmanHagberg Åre
2025-01-17;Åre strand 6B3 v.8;78;3;333;125000;-31;Svensk Fastighetsförmedling Åre
2025-01-14;Åre Strand 3B4, vecka 52;81;3;321;160000;7;Fastighetsbyrån Åre
2025-01-14;Åre Strand 7A1, vecka 2&3;74;4;608;170000;-6;Fastighetsbyrån Åre
2025-01-13;Åre Strand 4A4, vecka 52;81;3;321;160000;0;Fastighetsbyrån Åre
2025-01-10;Åre strand 14:1 v.8;95;3;367;180000;-22;HusmanHagberg Åre
2025-01-02;Åre Strand 4B4 vecka 14;76;3;300;185000;0;Svensk Fastighetsförmedling Åre
2024-09-18;Åre Strand 21:1 v9;119;4;379;260000;-4;Svensk Fastighetsförmedling Åre
2024-09-05;Åre strand 7A5 v.52;53;3;279;120000;-20;HusmanHagberg Åre
2024-09-04;Åre Strand 2A1 (&2A1B), V.8;111;4;463;190000;-16;Fastighetsbyrån Åre
2024-09-03;Åre Strand 8B5;53;3;2158;3200000;2;Svensk Fastighetsförmedling Åre
2024-09-03;Åre strand 1A2, v.52;76;3;305;160000;-11;HusmanHagberg Åre
2024-08-30;Åre strand 19:1 v.33;118;4;371;100000;-13;HusmanHagberg Åre
2024-07-30;Åre strand 7B4 v.9;53;3;254;160000;-14;HusmanHagberg Åre
2024-04-10;Åre strand 4A1;111;4;;100000;-9;SkandiaMäklarna Saltsjöbaden
2024-04-08;Åre Strand 20:2 V.28;119;4;379;90000;0;Fastighetsbyrån Åre
2024-03-14;Åre Strand 8/A5;53;3;2158;3150000;-5;Mäklarhuset Åre
2024-02-09;Åre strand 21:2 V.45;118;4;;45000;0;HusmanHagberg Åre
2024-01-31;Åre Strand 4B3 v52;76;3;313;150000;-14;Svensk Fastighetsförmedling Åre
2024-01-11;Åre strand 17:1 V.6;118;4;371;180000;-8;HusmanHagberg Åre
2024-01-08;Åre strand 3B3 v.7;76;3;304;145000;0;HusmanHagberg Åre
2023-12-04;Åre Strand 5:B1 v 52;90;3;305;265000;-10;Svensk Fastighetsförmedling Åre
2023-11-30;Åre Strand 6A2 V.16;78;3;308;130000;-16;Fastighetsbyrån Åre
2023-11-11;Åre Strand 18:2 vecka 1;125;4;375;290000;16;Svensk Fastighetsförmedling Kundvård Helsingborg
2023-11-10;Åre Strand 3B3 V.10;76;3;308;150000;-14;Fastighetsbyrån Åre
2023-08-16;Åre strand 5B:2 v 52;59;2;280;150000;0;Svensk Fastighetsförmedling Åre
2023-04-12;Åre Strand 3A1, vecka 13;111;4;358;200000;-32;Svensk Fastighetsförmedling Åre
2022-10-31;Åre Strand 6 A1 3;112;4;1150;800000;-9;HusmanHagberg Åre
2022-10-21;Åre strand 22:1 vecka 50;118;4;371;50000;-47;Fastighetsmäklarna
2022-03-08;Åre Strand 6;78;3;1090;625000;-10;Hemverket AB
2022-02-21;Åre strand 6A4 (4);81;3;883;500000;-29;HusmanHagberg Åre
2022-02-14;Åre strand 3A1, v.2;111;4;;150000;-3;HusmanHagberg Åre
2022-02-07;Åre Strand 8C;53;3;2055;4300000;9;Mäklarhuset Åre
2022-01-07;Åre Strand 6A4;78;3;1090;555000;-7;Hemverket AB
2021-12-30;Åre strand 18:02, v31;118;4;371;99000;0;Hemverket AB
2021-12-06;Åre strand 2B1 AB v.6;111;4;0;125000;-29;HusmanHagberg Åre
2021-12-06;Åre strand 7B6 v.52;74;4;;180000;-28;HusmanHagberg Åre
2021-11-30;Åre strand 2A4 v.52;63;2;;120000;-20;HusmanHagberg Åre
2021-11-25;Åre Strand 3A2 v.52;76;3;300;180000;0;Fastighetsbyrån Åre
2021-10-12;Åre strand 7B2 v.10;53;3;;199000;0;HusmanHagberg Åre
2021-09-10;Åre Strand 6B3 vecka 52;78;3;308;215000;0;Svensk Fastighetsförmedling Åre
2021-08-27;Åre Strand 6B3 v.4;78;3;308;60000;-29;HusmanHagberg Åre
2021-08-03;Åre Strand 19:1 v 12 & 37;118;3;0;360000;-6;HusmanHagberg Åre
2021-08-03;Åre strand 21:1 - V.50;119;4;;70000;0;Magnusson Mäkleri Täby AB
2021-07-20;Åre Strand 18:2;118;4;371;120000;-4;Hemverket AB
2021-07-07;Åre strand 21:1 - V.7;119;4;;200000;-43;Magnusson Mäkleri Täby AB
2021-05-26;Åre strand 4A2 v.1;76;3;;160000;-14;HusmanHagberg Åre
2021-05-19;Åre strand 23:2 v.8;118;4;;295000;0;HusmanHagberg Åre
2021-05-11;Åre Strand 20:2 v.15 & v.24;118;4;;290000;-3;Fastighetsbyrån Åre
2021-05-08;Åre Strand 5B5 v.7;59;2;;110000;-26;HusmanHagberg Åre
2021-05-04;Åre strand 14:1 v.14 & 2B4 v.40;95;3;638;250000;-17;HusmanHagberg Åre
2021-03-18;Åre strand 15:2 v.4;118;4;375;125000;-7;HusmanHagberg Åre
2021-01-14;Åre strand 5A6, v.12;58;2;;115000;0;HusmanHagberg Åre
2020-12-18;Åre Strand 2B3 v.51;76;3;;70000;-18;HusmanHagberg Åre
2020-12-11;Åre strand 5A5 v.7;59;2;279;80000;-30;HusmanHagberg Åre
2020-10-13;Åre Strand 3 A3, v48;78;3;300;50000;-28;HusmanHagberg Åre
2020-08-19;Åre Strand 4A1;111;4;358;85000;-11;HusmanHagberg Åre
2020-08-18;Åre Strand 3 A 4;76;3;304;62000;-5;Hemverket AB
2020-07-26;Åre Strand 21A;119;4;371;105000;-16;HusmanHagberg Åre
2020-07-21;Åre strand 23:2 v.1;118;4;371;225000;0;HusmanHagberg Åre
2020-07-04;Åre strand 22:2;118;4;371;115000;0;HusmanHagberg Åre
2020-03-08;Åre Strand 23:1 v.14 & 14:2 v.29;118;4;729;300000;-22;HusmanHagberg Åre
2020-02-21;Åre strand 1B2, v.11;76;3;300;170000;0;HusmanHagberg Åre
2020-02-19;Åre strand 17:2 AB;118;4;375;220000;-8;HusmanHagberg Åre
2019-12-23;Åre strand 23:2 AB, v.6;118;4;371;135000;-31;HusmanHagberg Åre
2019-10-19;Åre strand 19:1;118;4;371;240000;-14;HusmanHagberg Åre
2019-10-14;Åre strand 23:1;119;4;371;69000;0;HusmanHagberg Åre
2019-10-07;Åre Strand 17;118;4;371;220000;-8;SkandiaMäklarna Saltsjöbaden
2019-07-15;Åre strand 15:2;118;4;375;95000;-5;HusmanHagberg Åre
2019-04-12;Åre strand 14:1 v.15;95;3;358;220000;-8;HusmanHagberg Åre
2019-03-14;Åre strand 1B3;78;3;300;120000;-14;HusmanHagberg Åre
2019-02-10;Åre Strand 6A1;111;4;1075;775000;-3;Hemverket AB
2019-01-30;Åre Strand 22:1 A B;119;4;371;115000;-21;Hemverket AB
2017-11-05;Åre Strand 6;81;3;928;695000;0;Hemverket AB
